{
    "Header":{
        "#dataRequest_specs_version":"01.00.31",
        "#mip_era":"CMIP6",
        "Conventions":"CF-1.7 ODS-2.1",
        "approx_interval":"30.00000",
        "cmor_version":"3.5",
        "data_specs_version":"2.1.0",
        "generic_levels":"",
        "int_missing_value":"-2147483648",
        "missing_value":"1e20",
        "product":"observations",
        "realm":"land",
        "table_date":"15 September 2019",
        "table_id":"Table obs4MIPs_Lmon"
    },
    "variable_entry":{
        "baresoilFrac":{
            "cell_measures":"",
            "cell_methods":"area: mean where land over all_area_types time: mean",
            "comment":"Percentage of entire grid cell  that is covered by bare soil.",
            "dimensions":"longitude latitude time typebare",
            "frequency":"mon",
            "long_name":"Bare Soil Percentage Area Coverage",
            "ok_max_mean_abs":"",
            "ok_min_mean_abs":"",
            "out_name":"baresoilFrac",
            "positive":"",
            "standard_name":"area_fraction",
            "type":"real",
            "units":"%",
            "valid_max":"",
            "valid_min":""
        },
        "burntFractionAll":{
            "cell_measures":"",
            "cell_methods":"area: mean where land over all_area_types time: mean",
            "comment":"Percentage of grid cell burned due to all fires including natural and anthropogenic fires and those associated with anthropogenic Land-use change",
            "dimensions":"longitude latitude time typeburnt",
            "frequency":"mon",
            "long_name":"Percentage of Entire Grid cell  that is Covered by Burnt Vegetation (All Classes)",
            "ok_max_mean_abs":"",
            "ok_min_mean_abs":"",
            "out_name":"burntFractionAll",
            "positive":"",
            "standard_name":"area_fraction",
            "type":"real",
            "units":"%",
            "valid_max":"",
            "valid_min":""
        },
        "c3PftFrac":{
            "cell_measures":"",
            "cell_methods":"area: mean where land over all_area_types time: mean",
            "comment":"Percentage of entire grid cell  that is covered by C3 PFTs (including grass, crops, and trees).",
            "dimensions":"longitude latitude time typec3pft",
            "frequency":"mon",
            "long_name":"Percentage Cover by C3 Plant Functional Type",
            "ok_max_mean_abs":"",
            "ok_min_mean_abs":"",
            "out_name":"c3PftFrac",
            "positive":"",
            "standard_name":"area_fraction",
            "type":"real",
            "units":"%",
            "valid_max":"",
            "valid_min":""
        },
        "c4PftFrac":{
            "cell_measures":"",
            "cell_methods":"area: mean where land over all_area_types time: mean",
            "comment":"Percentage of entire grid cell  that is covered by C4 PFTs (including grass and crops).",
            "dimensions":"longitude latitude time typec4pft",
            "frequency":"mon",
            "long_name":"Percentage Cover by C4 Plant Functional Type",
            "ok_max_mean_abs":"",
            "ok_min_mean_abs":"",
            "out_name":"c4PftFrac",
            "positive":"",
            "standard_name":"area_fraction",
            "type":"real",
            "units":"%",
            "valid_max":"",
            "valid_min":""
        },
        "cCwd":{
            "cell_measures":"",
            "cell_methods":"area: mean where land time: mean",
            "comment":"Carbon mass per unit area in woody debris (dead organic matter composed of coarse wood.  It is distinct from litter)",
            "dimensions":"longitude latitude time",
            "frequency":"mon",
            "long_name":"Carbon Mass in Coarse Woody Debris",
            "ok_max_mean_abs":"",
            "ok_min_mean_abs":"",
            "out_name":"cCwd",
            "positive":"",
            "standard_name":"wood_debris_mass_content_of_carbon",
            "type":"real",
            "units":"kg m-2",
            "valid_max":"",
            "valid_min":""
        },
        "cLeaf":{
            "cell_measures":"",
            "cell_methods":"area: mean where land time: mean",
            "comment":"Carbon mass per unit area in leaves.",
            "dimensions":"longitude latitude time",
            "frequency":"mon",
            "long_name":"Carbon Mass in Leaves",
            "ok_max_mean_abs":"",
            "ok_min_mean_abs":"",
            "out_name":"cLeaf",
            "positive":"",
            "standard_name":"leaf_mass_content_of_carbon",
            "type":"real",
            "units":"kg m-2",
            "valid_max":"",
            "valid_min":""
        },
        "cLitter":{
            "cell_measures":"",
            "cell_methods":"area: mean where land time: mean",
            "comment":"'Litter' is dead plant material in or above the soil. It is distinct from coarse wood debris. The precise distinction between 'fine' and 'coarse' is model dependent. 'Content' indicates a quantity per unit area. The sum of the quantities with standard names surface_litter_mass_content_of_carbon and subsurface_litter_mass_content_of_carbon has the standard name litter_mass_content_of_carbon.",
            "dimensions":"longitude latitude time",
            "frequency":"mon",
            "long_name":"Carbon Mass in Litter Pool",
            "ok_max_mean_abs":"",
            "ok_min_mean_abs":"",
            "out_name":"cLitter",
            "positive":"",
            "standard_name":"litter_mass_content_of_carbon",
            "type":"real",
            "units":"kg m-2",
            "valid_max":"",
            "valid_min":""
        },
        "cLitterAbove":{
            "cell_measures":"",
            "cell_methods":"area: mean where land time: mean",
            "comment":"'Litter' is dead plant material in or above the soil. It is distinct from coarse wood debris. The precise distinction between 'fine' and 'coarse' is model dependent. 'Surface litter' means the part of the litter resting above the soil surface. 'Content' indicates a quantity per unit area. The sum of the quantities with standard names surface_litter_mass_content_of_carbon and subsurface_litter_mass_content_of_carbon has the standard name litter_mass_content_of_carbon.",
            "dimensions":"longitude latitude time",
            "frequency":"mon",
            "long_name":"Carbon Mass in Above-Ground Litter",
            "ok_max_mean_abs":"",
            "ok_min_mean_abs":"",
            "out_name":"cLitterAbove",
            "positive":"",
            "standard_name":"surface_litter_mass_content_of_carbon",
            "type":"real",
            "units":"kg m-2",
            "valid_max":"",
            "valid_min":""
        },
        "cLitterBelow":{
            "cell_measures":"",
            "cell_methods":"area: mean where land time: mean",
            "comment":"'Litter' is dead plant material in or above the soil. It is distinct from coarse wood debris. The precise distinction between 'fine' and 'coarse' is model dependent. 'subsurface litter' means the part of the litter mixed within the soil below the surface. 'Content' indicates a quantity per unit area. The sum of the quantities with standard names surface_litter_mass_content_of_carbon and subsurface_litter_mass_content_of_carbon has the standard name litter_mass_content_of_carbon.",
            "dimensions":"longitude latitude time",
            "frequency":"mon",
            "long_name":"Carbon Mass in Below-Ground Litter",
            "ok_max_mean_abs":"",
            "ok_min_mean_abs":"",
            "out_name":"cLitterBelow",
            "positive":"",
            "standard_name":"subsurface_litter_mass_content_of_carbon",
            "type":"real",
            "units":"kg m-2",
            "valid_max":"",
            "valid_min":""
        },
        "cProduct":{
            "cell_measures":"",
            "cell_methods":"area: mean where land time: mean",
            "comment":"Carbon mass per unit area in that has been removed from the environment through  land use change.",
            "dimensions":"longitude latitude time",
            "frequency":"mon",
            "long_name":"Carbon Mass in Products of Land-Use Change",
            "ok_max_mean_abs":"",
            "ok_min_mean_abs":"",
            "out_name":"cProduct",
            "positive":"",
            "standard_name":"carbon_mass_content_of_forestry_and_agricultural_products",
            "type":"real",
            "units":"kg m-2",
            "valid_max":"",
            "valid_min":""
        },
        "cRoot":{
            "cell_measures":"",
            "cell_methods":"area: mean where land time: mean",
            "comment":"Carbon mass per unit area in roots, including fine and coarse roots.",
            "dimensions":"longitude latitude time",
            "frequency":"mon",
            "long_name":"Carbon Mass in Roots",
            "ok_max_mean_abs":"",
            "ok_min_mean_abs":"",
            "out_name":"cRoot",
            "positive":"",
            "standard_name":"root_mass_content_of_carbon",
            "type":"real",
            "units":"kg m-2",
            "valid_max":"",
            "valid_min":""
        },
        "cSoilFast":{
            "cell_measures":"",
            "cell_methods":"area: mean where land time: mean",
            "comment":"Carbon mass per unit area in fast soil pool. Fast means a lifetime of less than 10 years for reference climate conditions (20th century) in the absence of water limitations.",
            "dimensions":"longitude latitude time",
            "frequency":"mon",
            "long_name":"Carbon Mass in Fast Soil Pool",
            "ok_max_mean_abs":"",
            "ok_min_mean_abs":"",
            "out_name":"cSoilFast",
            "positive":"",
            "standard_name":"fast_soil_pool_mass_content_of_carbon",
            "type":"real",
            "units":"kg m-2",
            "valid_max":"",
            "valid_min":""
        },
        "cSoilMedium":{
            "cell_measures":"",
            "cell_methods":"area: mean where land time: mean",
            "comment":"Carbon mass per unit area in medium (rate) soil pool. Medium means a lifetime of more than than 10 years and less than 100 years for reference climate conditions (20th century) in the absence of water limitations.",
            "dimensions":"longitude latitude time",
            "frequency":"mon",
            "long_name":"Carbon Mass in Medium Soil Pool",
            "ok_max_mean_abs":"",
            "ok_min_mean_abs":"",
            "out_name":"cSoilMedium",
            "positive":"",
            "standard_name":"medium_soil_pool_mass_content_of_carbon",
            "type":"real",
            "units":"kg m-2",
            "valid_max":"",
            "valid_min":""
        },
        "cSoilSlow":{
            "cell_measures":"",
            "cell_methods":"area: mean where land time: mean",
            "comment":"Carbon mass per unit area in slow soil pool. Slow means a lifetime of more than 100 years for reference climate (20th century) in the absence of water limitations.",
            "dimensions":"longitude latitude time",
            "frequency":"mon",
            "long_name":"Carbon Mass in Slow Soil Pool",
            "ok_max_mean_abs":"",
            "ok_min_mean_abs":"",
            "out_name":"cSoilSlow",
            "positive":"",
            "standard_name":"slow_soil_pool_mass_content_of_carbon",
            "type":"real",
            "units":"kg m-2",
            "valid_max":"",
            "valid_min":""
        },
        "cVeg":{
            "cell_measures":"",
            "cell_methods":"area: mean where land time: mean",
            "comment":"Carbon mass per unit area in vegetation.",
            "dimensions":"longitude latitude time",
            "frequency":"mon",
            "long_name":"Carbon Mass in Vegetation",
            "ok_max_mean_abs":"",
            "ok_min_mean_abs":"",
            "out_name":"cVeg",
            "positive":"",
            "standard_name":"vegetation_carbon_content",
            "type":"real",
            "units":"kg m-2",
            "valid_max":"",
            "valid_min":""
        },
        "cropFrac":{
            "cell_measures":"",
            "cell_methods":"area: mean where land over all_area_types time: mean",
            "comment":"Percentage of entire grid cell  that is covered by crop.",
            "dimensions":"longitude latitude time typecrop",
            "frequency":"mon",
            "long_name":"Percentage Crop Cover",
            "ok_max_mean_abs":"",
            "ok_min_mean_abs":"",
            "out_name":"cropFrac",
            "positive":"",
            "standard_name":"area_fraction",
            "type":"real",
            "units":"%",
            "valid_max":"",
            "valid_min":""
        },
        "evspsblsoi":{
            "cell_measures":"",
            "cell_methods":"area: mean where land time: mean",
            "comment":"Water evaporation from soil (including sublimation).",
            "dimensions":"longitude latitude time",
            "frequency":"mon",
            "long_name":"Water Evaporation from Soil",
            "ok_max_mean_abs":"",
            "ok_min_mean_abs":"",
            "out_name":"evspsblsoi",
            "positive":"",
            "standard_name":"water_evaporation_flux_from_soil",
            "type":"real",
            "units":"kg m-2 s-1",
            "valid_max":"",
            "valid_min":""
        },
        "evspsblveg":{
            "cell_measures":"",
            "cell_methods":"area: mean where land time: mean",
            "comment":"The canopy evaporation and sublimation (if present in model); may include dew formation as a negative flux.",
            "dimensions":"longitude latitude time",
            "frequency":"mon",
            "long_name":"Evaporation from Canopy",
            "ok_max_mean_abs":"",
            "ok_min_mean_abs":"",
            "out_name":"evspsblveg",
            "positive":"",
            "standard_name":"water_evaporation_flux_from_canopy",
            "type":"real",
            "units":"kg m-2 s-1",
            "valid_max":"",
            "valid_min":""
        },
        "fFire":{
            "cell_measures":"",
            "cell_methods":"area: mean where land time: mean",
            "comment":"CO2 emissions (expressed as a carbon mass flux per unit area) from natural fires and human ignition fires as calculated by the fire module of the dynamic vegetation model, but excluding any CO2 flux from fire included in fLuc (CO2 Flux to Atmosphere from Land Use Change).",
            "dimensions":"longitude latitude time",
            "frequency":"mon",
            "long_name":"Carbon Mass Flux into Atmosphere Due to CO2 Emission from Fire Excluding Land-Use Change [kgC m-2 s-1]",
            "ok_max_mean_abs":"",
            "ok_min_mean_abs":"",
            "out_name":"fFire",
            "positive":"up",
            "standard_name":"surface_upward_mass_flux_of_carbon_dioxide_expressed_as_carbon_due_to_emission_from_fires_excluding_anthropogenic_land_use_change",
            "type":"real",
            "units":"kg m-2 s-1",
            "valid_max":"",
            "valid_min":""
        },
        "fGrazing":{
            "cell_measures":"",
            "cell_methods":"area: mean where land time: mean",
            "comment":"Carbon mass flux per unit area due to grazing on land",
            "dimensions":"longitude latitude time",
            "frequency":"mon",
            "long_name":"Carbon Mass Flux into Atmosphere Due to Grazing on Land [kgC m-2 s-1]",
            "ok_max_mean_abs":"",
            "ok_min_mean_abs":"",
            "out_name":"fGrazing",
            "positive":"up",
            "standard_name":"surface_upward_mass_flux_of_carbon_dioxide_expressed_as_carbon_due_to_emission_from_grazing",
            "type":"real",
            "units":"kg m-2 s-1",
            "valid_max":"",
            "valid_min":""
        },
        "fHarvest":{
            "cell_measures":"",
            "cell_methods":"area: mean where land time: mean",
            "comment":"Carbon mass flux per unit area due to crop harvesting",
            "dimensions":"longitude latitude time",
            "frequency":"mon",
            "long_name":"Carbon Mass Flux into Atmosphere Due to Crop Harvesting [kgC m-2 s-1]",
            "ok_max_mean_abs":"",
            "ok_min_mean_abs":"",
            "out_name":"fHarvest",
            "positive":"up",
            "standard_name":"surface_upward_mass_flux_of_carbon_dioxide_expressed_as_carbon_due_to_emission_from_crop_harvesting",
            "type":"real",
            "units":"kg m-2 s-1",
            "valid_max":"",
            "valid_min":""
        },
        "fLitterSoil":{
            "cell_measures":"",
            "cell_methods":"area: mean where land time: mean",
            "comment":"Carbon mass flux per unit area into soil from litter (dead plant material in or above the soil).",
            "dimensions":"longitude latitude time",
            "frequency":"mon",
            "long_name":"Total Carbon Mass Flux from Litter to Soil",
            "ok_max_mean_abs":"",
            "ok_min_mean_abs":"",
            "out_name":"fLitterSoil",
            "positive":"",
            "standard_name":"carbon_mass_flux_into_soil_from_litter",
            "type":"real",
            "units":"kg m-2 s-1",
            "valid_max":"",
            "valid_min":""
        },
        "fVegLitter":{
            "cell_measures":"",
            "cell_methods":"area: mean where land time: mean",
            "comment":"In accordance with common usage in geophysical disciplines, 'flux' implies per unit area, called 'flux density' in physics. 'Vegetation' means any living plants e.g. trees, shrubs, grass. 'Litter' is dead plant material in or above the soil. It is distinct from coarse wood debris. The precise distinction between 'fine' and 'coarse' is model dependent. The sum of the quantities with standard names mass_flux_of_carbon_into_litter_from_vegetation_due_to_mortality and mass_flux_of_carbon_into_litter_from_vegetation_due_to_senescence is mass_flux_of_carbon_into_litter_from_vegetation.",
            "dimensions":"longitude latitude time",
            "frequency":"mon",
            "long_name":"Total Carbon Mass Flux from Vegetation to Litter",
            "ok_max_mean_abs":"",
            "ok_min_mean_abs":"",
            "out_name":"fVegLitter",
            "positive":"",
            "standard_name":"mass_flux_of_carbon_into_litter_from_vegetation",
            "type":"real",
            "units":"kg m-2 s-1",
            "valid_max":"",
            "valid_min":""
        },
        "fVegSoil":{
            "cell_measures":"",
            "cell_methods":"area: mean where land time: mean",
            "comment":"Carbon mass flux per unit area from vegetation directly into soil, without intermediate conversion to litter.",
            "dimensions":"longitude latitude time",
            "frequency":"mon",
            "long_name":"Total Carbon Mass Flux from Vegetation Directly to Soil",
            "ok_max_mean_abs":"",
            "ok_min_mean_abs":"",
            "out_name":"fVegSoil",
            "positive":"",
            "standard_name":"carbon_mass_flux_into_soil_from_vegetation_excluding_litter",
            "type":"real",
            "units":"kg m-2 s-1",
            "valid_max":"",
            "valid_min":""
        },
        "fapar":{
            "cell_measures":"",
            "cell_methods":"area: mean where land time: mean",
            "comment":"The fraction of incoming solar radiation in the photosynthetically active radiation spectral region that is absorbed by a vegetation canopy.",
            "dimensions":"longitude latitude time",
            "frequency":"mon",
            "long_name":"Fraction of Absorbed Photosynthetically Active Radiation",
            "ok_max_mean_abs":"",
            "ok_min_mean_abs":"",
            "out_name":"fapar",
            "positive":"",
            "standard_name":"fraction_of_surface_downwelling_photosynthetic_radiative_flux_absorbed_by_vegetation",
            "type":"real",
            "units":"1",
            "valid_max":"1.0",
            "valid_min":"0.0"
        },
        "gpp":{
            "cell_measures":"",
            "cell_methods":"area: mean where land time: mean",
            "comment":"The rate of synthesis of biomass from inorganic precursors by autotrophs ('producers') expressed as the mass of carbon which it contains. For example, photosynthesis in plants or phytoplankton. The producers also respire some of this biomass and the difference is referred to as the net primary production. ",
            "dimensions":"longitude latitude time",
            "frequency":"mon",
            "long_name":"Carbon Mass Flux out of Atmosphere Due to Gross Primary Production on Land [kgC m-2 s-1]",
            "ok_max_mean_abs":"",
            "ok_min_mean_abs":"",
            "out_name":"gpp",
            "positive":"",
            "standard_name":"gross_primary_productivity_of_biomass_expressed_as_carbon",
            "type":"real",
            "units":"kg m-2 s-1",
            "valid_max":"",
            "valid_min":""
        },
        "grassFrac":{
            "cell_measures":"",
            "cell_methods":"area: mean where land over all_area_types time: mean",
            "comment":"Percentage of entire grid cell that is covered by natural grass.",
            "dimensions":"longitude latitude time typenatgr",
            "frequency":"mon",
            "long_name":"Natural Grass Area Percentage",
            "ok_max_mean_abs":"",
            "ok_min_mean_abs":"",
            "out_name":"grassFrac",
            "positive":"",
            "standard_name":"area_fraction",
            "type":"real",
            "units":"%",
            "valid_max":"",
            "valid_min":""
        },
        "lai":{
            "cell_measures":"",
            "cell_methods":"area: mean where land time: mean",
            "comment":"A ratio obtained by dividing the total upper leaf surface area of vegetation by the (horizontal) surface area of the land on which it grows.",
            "dimensions":"longitude latitude time",
            "frequency":"mon",
            "long_name":"Leaf Area Index",
            "ok_max_mean_abs":"",
            "ok_min_mean_abs":"",
            "out_name":"lai",
            "positive":"",
            "standard_name":"leaf_area_index",
            "type":"real",
            "units":"1",
            "valid_max":"",
            "valid_min":""
        },
        "landCoverFrac":{
            "cell_measures":"",
            "cell_methods":"area: mean where land over all_area_types time: mean",
            "comment":"Percentage of grid cell area occupied by different model vegetation/land cover categories. The categories may differ from model to model, depending on each model's subgrid land cover category definitions. Categories may include natural vegetation, anthropogenic vegetation, bare soil, lakes, urban areas, glaciers, etc. Sum of all should equal the percentage of the grid cell that is land.",
            "dimensions":"longitude latitude vegtype time",
            "frequency":"mon",
            "long_name":"Percentage of Area by Vegetation or Land-Cover Category",
            "ok_max_mean_abs":"",
            "ok_min_mean_abs":"",
            "out_name":"landCoverFrac",
            "positive":"",
            "standard_name":"area_fraction",
            "type":"real",
            "units":"%",
            "valid_max":"",
            "valid_min":""
        },
        "mrfso":{
            "cell_measures":"",
            "cell_methods":"area: mean where land time: mean",
            "comment":"The mass per unit area (summed over all model layers) of frozen water.",
            "dimensions":"longitude latitude time",
            "frequency":"mon",
            "long_name":"Soil Frozen Water Content",
            "ok_max_mean_abs":"",
            "ok_min_mean_abs":"",
            "out_name":"mrfso",
            "positive":"",
            "standard_name":"soil_frozen_water_content",
            "type":"real",
            "units":"kg m-2",
            "valid_max":"",
            "valid_min":""
        },
        "mrro":{
            "cell_measures":"",
            "cell_methods":"area: mean where land time: mean",
            "comment":"The total run-off (including drainage through the base of the soil model) per unit area leaving the land portion of the grid cell.",
            "dimensions":"longitude latitude time",
            "frequency":"mon",
            "long_name":"Total Runoff",
            "ok_max_mean_abs":"",
            "ok_min_mean_abs":"",
            "out_name":"mrro",
            "positive":"",
            "standard_name":"runoff_flux",
            "type":"real",
            "units":"kg m-2 s-1",
            "valid_max":"",
            "valid_min":""
        },
        "mrros":{
            "cell_measures":"",
            "cell_methods":"area: mean where land time: mean",
            "comment":"The total surface run off leaving the land portion of the grid cell (excluding drainage through the base of the soil model).",
            "dimensions":"longitude latitude time",
            "frequency":"mon",
            "long_name":"Surface Runoff",
            "ok_max_mean_abs":"",
            "ok_min_mean_abs":"",
            "out_name":"mrros",
            "positive":"",
            "standard_name":"surface_runoff_flux",
            "type":"real",
            "units":"kg m-2 s-1",
            "valid_max":"",
            "valid_min":""
        },
        "mrso":{
            "cell_measures":"",
            "cell_methods":"area: mean where land time: mean",
            "comment":"the mass per unit area  (summed over all soil layers) of water in all phases.",
            "dimensions":"longitude latitude time",
            "frequency":"mon",
            "long_name":"Total Soil Moisture Content",
            "ok_max_mean_abs":"",
            "ok_min_mean_abs":"",
            "out_name":"mrso",
            "positive":"",
            "standard_name":"mass_content_of_water_in_soil",
            "type":"real",
            "units":"kg m-2",
            "valid_max":"",
            "valid_min":""
        },
        "mrsos":{
            "cell_measures":"",
            "cell_methods":"area: mean where land time: mean",
            "comment":"The mass of water in all phases in the upper 10cm of the  soil layer.",
            "dimensions":"longitude latitude time sdepth1",
            "frequency":"mon",
            "long_name":"Moisture in Upper Portion of Soil Column",
            "ok_max_mean_abs":"",
            "ok_min_mean_abs":"",
            "out_name":"mrsos",
            "positive":"",
            "standard_name":"mass_content_of_water_in_soil_layer",
            "type":"real",
            "units":"kg m-2",
            "valid_max":"",
            "valid_min":""
        },
        "nbp":{
            "cell_measures":"",
            "cell_methods":"area: mean where land time: mean",
            "comment":"This is the net mass flux of carbon from atmosphere into land, calculated as photosynthesis MINUS the sum of  plant and soil respiration, carbon fluxes from fire, harvest, grazing  and land use change. Positive flux is into the land.",
            "dimensions":"longitude latitude time",
            "frequency":"mon",
            "long_name":"Carbon Mass Flux out of Atmosphere Due to Net Biospheric Production on Land [kgC m-2 s-1]",
            "ok_max_mean_abs":"",
            "ok_min_mean_abs":"",
            "out_name":"nbp",
            "positive":"down",
            "standard_name":"surface_net_downward_mass_flux_of_carbon_dioxide_expressed_as_carbon_due_to_all_land_processes",
            "type":"real",
            "units":"kg m-2 s-1",
            "valid_max":"",
            "valid_min":""
        },
        "ndvi":{
            "cell_measures":"",
            "cell_methods":"area: mean where land time: mean",
            "comment":"",
            "dimensions":"longitude latitude time",
            "frequency":"mon",
            "long_name":"Normalized Difference Vegetation Index",
            "ok_max_mean_abs":"",
            "ok_min_mean_abs":"",
            "out_name":"ndvi",
            "positive":"",
            "standard_name":"normalized_difference_vegetation_index",
            "type":"real",
            "units":"1",
            "valid_max":"1.0",
            "valid_min":"-0.1"
        },
        "npp":{
            "cell_measures":"",
            "cell_methods":"area: mean where land time: mean",
            "comment":"'Production of carbon' means the production of biomass expressed as the mass of carbon which it contains. Net primary production is the excess of gross primary production (rate of synthesis of biomass from inorganic precursors) by autotrophs ('producers'), for example, photosynthesis in plants or phytoplankton, over the rate at which the autotrophs themselves respire some of this biomass. 'Productivity' means production per unit area. The phrase 'expressed_as' is used in the construction A_expressed_as_B, where B is a chemical constituent of A. It means that the quantity indicated by the standard name is calculated solely with respect to the B contained in A, neglecting all other chemical constituents of A.",
            "dimensions":"longitude latitude time",
            "frequency":"mon",
            "long_name":"Net Primary Production on Land as Carbon Mass Flux [kgC m-2 s-1]",
            "ok_max_mean_abs":"",
            "ok_min_mean_abs":"",
            "out_name":"npp",
            "positive":"down",
            "standard_name":"net_primary_productivity_of_biomass_expressed_as_carbon",
            "type":"real",
            "units":"kg m-2 s-1",
            "valid_max":"",
            "valid_min":""
        },
        "nppLeaf":{
            "cell_measures":"",
            "cell_methods":"area: mean where land time: mean",
            "comment":"This is the rate of carbon uptake by leaves due to NPP",
            "dimensions":"longitude latitude time",
            "frequency":"mon",
            "long_name":"Net Primary Production Allocated to Leaves as Carbon Mass Flux [kgC m-2 s-1]",
            "ok_max_mean_abs":"",
            "ok_min_mean_abs":"",
            "out_name":"nppLeaf",
            "positive":"down",
            "standard_name":"net_primary_productivity_of_biomass_expressed_as_carbon_accumulated_in_leaves",
            "type":"real",
            "units":"kg m-2 s-1",
            "valid_max":"",
            "valid_min":""
        },
        "nppRoot":{
            "cell_measures":"",
            "cell_methods":"area: mean where land time: mean",
            "comment":"This is the rate of carbon uptake by roots due to NPP",
            "dimensions":"longitude latitude time",
            "frequency":"mon",
            "long_name":"Net Primary Production Allocated to Roots as Carbon Mass Flux [kgC m-2 s-1]",
            "ok_max_mean_abs":"",
            "ok_min_mean_abs":"",
            "out_name":"nppRoot",
            "positive":"down",
            "standard_name":"net_primary_productivity_of_biomass_expressed_as_carbon_accumulated_in_roots",
            "type":"real",
            "units":"kg m-2 s-1",
            "valid_max":"",
            "valid_min":""
        },
        "nppWood":{
            "cell_measures":"",
            "cell_methods":"area: mean where land time: mean",
            "comment":"This is the rate of carbon uptake by wood due to NPP",
            "dimensions":"longitude latitude time",
            "frequency":"mon",
            "long_name":"Net Primary Production Allocated to Wood as Carbon Mass Flux [kgC m-2 s-1]",
            "ok_max_mean_abs":"",
            "ok_min_mean_abs":"",
            "out_name":"nppWood",
            "positive":"down",
            "standard_name":"net_primary_productivity_of_biomass_expressed_as_carbon_accumulated_in_wood",
            "type":"real",
            "units":"kg m-2 s-1",
            "valid_max":"",
            "valid_min":""
        },
        "pastureFrac":{
            "cell_measures":"",
            "cell_methods":"area: mean where land over all_area_types time: mean",
            "comment":"Percentage of entire grid cell  that is covered by anthropogenic pasture.",
            "dimensions":"longitude latitude time typepasture",
            "frequency":"mon",
            "long_name":"Percentage of Land Which Is Anthropogenic Pasture",
            "ok_max_mean_abs":"",
            "ok_min_mean_abs":"",
            "out_name":"pastureFrac",
            "positive":"",
            "standard_name":"area_fraction",
            "type":"real",
            "units":"%",
            "valid_max":"",
            "valid_min":""
        },
        "prveg":{
            "cell_measures":"",
            "cell_methods":"area: mean where land time: mean",
            "comment":"The precipitation flux that is intercepted by the vegetation canopy (if present in model) before reaching the ground.",
            "dimensions":"longitude latitude time",
            "frequency":"mon",
            "long_name":"Precipitation onto Canopy",
            "ok_max_mean_abs":"",
            "ok_min_mean_abs":"",
            "out_name":"prveg",
            "positive":"",
            "standard_name":"precipitation_flux_onto_canopy",
            "type":"real",
            "units":"kg m-2 s-1",
            "valid_max":"",
            "valid_min":""
        },
        "rGrowth":{
            "cell_measures":"",
            "cell_methods":"area: mean where land time: mean",
            "comment":"Growth respiration is defined as the additional carbon cost for the synthesis of new growth.",
            "dimensions":"longitude latitude time",
            "frequency":"mon",
            "long_name":"Total Autotrophic Respiration on Land as Carbon Mass Flux [kgC m-2 s-1]",
            "ok_max_mean_abs":"",
            "ok_min_mean_abs":"",
            "out_name":"rGrowth",
            "positive":"up",
            "standard_name":"surface_upward_mass_flux_of_carbon_dioxide_expressed_as_carbon_due_to_plant_respiration_for_biomass_growth",
            "type":"real",
            "units":"kg m-2 s-1",
            "valid_max":"",
            "valid_min":""
        },
        "rMaint":{
            "cell_measures":"",
            "cell_methods":"area: mean where land time: mean",
            "comment":"Maintenance respiration is defined as the carbon cost to support the metabolic activity of existing live tissue.",
            "dimensions":"longitude latitude time",
            "frequency":"mon",
            "long_name":"Carbon Mass Flux into Atmosphere Due to Maintenance Autotrophic Respiration on Land [kgC m-2 s-1]",
            "ok_max_mean_abs":"",
            "ok_min_mean_abs":"",
            "out_name":"rMaint",
            "positive":"up",
            "standard_name":"surface_upward_mass_flux_of_carbon_dioxide_expressed_as_carbon_due_to_plant_respiration_for_biomass_maintenance",
            "type":"real",
            "units":"kg m-2 s-1",
            "valid_max":"",
            "valid_min":""
        },
        "ra":{
            "cell_measures":"",
            "cell_methods":"area: mean where land time: mean",
            "comment":"Carbon mass flux per unit area into atmosphere due to autotrophic respiration on land (respiration by producers) [see rh for heterotrophic production]",
            "dimensions":"longitude latitude time",
            "frequency":"mon",
            "long_name":"Carbon Mass Flux into Atmosphere Due to Autotrophic (Plant) Respiration on Land [kgC m-2 s-1]",
            "ok_max_mean_abs":"",
            "ok_min_mean_abs":"",
            "out_name":"ra",
            "positive":"up",
            "standard_name":"surface_upward_mass_flux_of_carbon_dioxide_expressed_as_carbon_due_to_plant_respiration",
            "type":"real",
            "units":"kg m-2 s-1",
            "valid_max":"",
            "valid_min":""
        },
        "residualFrac":{
            "cell_measures":"",
            "cell_methods":"area: mean where land over all_area_types time: mean",
            "comment":"Percentage of entire grid cell  that is land and is covered by  neither vegetation nor bare-soil (e.g., urban, ice, lakes, etc.)",
            "dimensions":"longitude latitude time typeresidual",
            "frequency":"mon",
            "long_name":"Percentage of Grid Cell That Is Land but neither Vegetation Covered nor Bare Soil",
            "ok_max_mean_abs":"",
            "ok_min_mean_abs":"",
            "out_name":"residualFrac",
            "positive":"",
            "standard_name":"area_fraction",
            "type":"real",
            "units":"%",
            "valid_max":"",
            "valid_min":""
        },
        "rh":{
            "cell_measures":"",
            "cell_methods":"area: mean where land time: mean",
            "comment":"Carbon mass flux per unit area into atmosphere due to heterotrophic respiration on land (respiration by consumers)",
            "dimensions":"longitude latitude time",
            "frequency":"mon",
            "long_name":"Total Heterotrophic Respiration on Land as Carbon Mass Flux [kgC m-2 s-1]",
            "ok_max_mean_abs":"",
            "ok_min_mean_abs":"",
            "out_name":"rh",
            "positive":"up",
            "standard_name":"surface_upward_mass_flux_of_carbon_dioxide_expressed_as_carbon_due_to_heterotrophic_respiration",
            "type":"real",
            "units":"kg m-2 s-1",
            "valid_max":"",
            "valid_min":""
        },
        "shrubFrac":{
            "cell_measures":"",
            "cell_methods":"area: mean where land over all_area_types time: mean",
            "comment":"Percentage of entire grid cell  that is covered by shrub.",
            "dimensions":"longitude latitude time typeshrub",
            "frequency":"mon",
            "long_name":"Percentage Cover by Shrub",
            "ok_max_mean_abs":"",
            "ok_min_mean_abs":"",
            "out_name":"shrubFrac",
            "positive":"",
            "standard_name":"area_fraction",
            "type":"real",
            "units":"%",
            "valid_max":"",
            "valid_min":""
        },
        "tran":{
            "cell_measures":"",
            "cell_methods":"area: mean where land time: mean",
            "comment":"Transpiration (may include dew formation as a negative flux).",
            "dimensions":"longitude latitude time",
            "frequency":"mon",
            "long_name":"Transpiration",
            "ok_max_mean_abs":"",
            "ok_min_mean_abs":"",
            "out_name":"tran",
            "positive":"up",
            "standard_name":"transpiration_flux",
            "type":"real",
            "units":"kg m-2 s-1",
            "valid_max":"",
            "valid_min":""
        },
        "treeFrac":{
            "cell_measures":"",
            "cell_methods":"area: mean where land over all_area_types time: mean",
            "comment":"Percentage of entire grid cell  that is covered by trees.",
            "dimensions":"longitude latitude time typetree",
            "frequency":"mon",
            "long_name":"Tree Cover Percentage",
            "ok_max_mean_abs":"",
            "ok_min_mean_abs":"",
            "out_name":"treeFrac",
            "positive":"",
            "standard_name":"area_fraction",
            "type":"real",
            "units":"%",
            "valid_max":"",
            "valid_min":""
        },
        "treeFracPrimDec":{
            "cell_measures":"",
            "cell_methods":"area: mean where land over all_area_types time: mean",
            "comment":"Percentage of the entire grid cell  that is covered by total primary deciduous trees.",
            "dimensions":"longitude latitude time typepdec",
            "frequency":"mon",
            "long_name":"Percentage Cover by Primary Deciduous Tree",
            "ok_max_mean_abs":"",
            "ok_min_mean_abs":"",
            "out_name":"treeFracPrimDec",
            "positive":"",
            "standard_name":"area_fraction",
            "type":"real",
            "units":"%",
            "valid_max":"",
            "valid_min":""
        },
        "treeFracPrimEver":{
            "cell_measures":"",
            "cell_methods":"area: mean where land over all_area_types time: mean",
            "comment":"Percentage of entire grid cell  that is covered by primary evergreen trees.",
            "dimensions":"longitude latitude time typepever",
            "frequency":"mon",
            "long_name":"Percentage Cover by Primary Evergreen Trees",
            "ok_max_mean_abs":"",
            "ok_min_mean_abs":"",
            "out_name":"treeFracPrimEver",
            "positive":"",
            "standard_name":"area_fraction",
            "type":"real",
            "units":"%",
            "valid_max":"",
            "valid_min":""
        },
        "treeFracSecDec":{
            "cell_measures":"",
            "cell_methods":"area: mean where land over all_area_types time: mean",
            "comment":"Percentage of entire grid cell  that is covered by secondary deciduous trees.",
            "dimensions":"longitude latitude time typesdec",
            "frequency":"mon",
            "long_name":"Percentage Cover by Secondary Deciduous Trees",
            "ok_max_mean_abs":"",
            "ok_min_mean_abs":"",
            "out_name":"treeFracSecDec",
            "positive":"",
            "standard_name":"area_fraction",
            "type":"real",
            "units":"%",
            "valid_max":"",
            "valid_min":""
        },
        "treeFracSecEver":{
            "cell_measures":"",
            "cell_methods":"area: mean where land over all_area_types time: mean",
            "comment":"Percentage of entire grid cell  that is covered by secondary evergreen trees.",
            "dimensions":"longitude latitude time typesever",
            "frequency":"mon",
            "long_name":"Percentage Cover by Secondary Evergreen Trees",
            "ok_max_mean_abs":"",
            "ok_min_mean_abs":"",
            "out_name":"treeFracSecEver",
            "positive":"",
            "standard_name":"area_fraction",
            "type":"real",
            "units":"%",
            "valid_max":"",
            "valid_min":""
        },
        "tsl":{
            "cell_measures":"",
            "cell_methods":"area: mean where land time: mean",
            "comment":"Temperature of soil. Reported as missing for grid cells with no land.",
            "dimensions":"longitude latitude sdepth time",
            "frequency":"mon",
            "long_name":"Temperature of Soil",
            "ok_max_mean_abs":"",
            "ok_min_mean_abs":"",
            "out_name":"tsl",
            "positive":"",
            "standard_name":"soil_temperature",
            "type":"real",
            "units":"K",
            "valid_max":"",
            "valid_min":""
        }
    }
}