{
    "Header":{
        "#mip_era":"CMIP6",
        "Conventions":"CF-1.7 ODS-2.1",
        "approx_interval":"30.00000",
        "cmor_version":"3.2",
        "data_specs_version":"2.1.0",
        "generic_levels":"alevel alevhalf",
        "int_missing_value":"-2147483648",
        "missing_value":"1e20",
        "product":"observations",
        "realm":"aerosol atmos atmosChem land landIce ocean ocnBgchem seaIce",
        "table_date":"09 November 2017",
        "table_id":"Table obs4MIPs_monStderr"
    },
    "variable_entry":{
        "ndviStderr":{
            "comment":"",
            "dimensions":"longitude latitude time",
            "frequency":"mon",
            "long_name":"Normalized Difference Vegetation Index Standard Error",
            "modeling_realm":"atmos",
            "out_name":"ndviStderr",
            "standard_name":"normalized_difference_vegetation_index standard_error",
            "type":"real",
            "units":""
        }
    }
}