{
    "Header":{
        "#dataRequest_specs_version":"01.00.31",
        "#mip_era":"CMIP6",
        "Conventions":"CF-1.7 ODS-2.1",
        "approx_interval":"1.00000",
        "cmor_version":"3.5",
        "data_specs_version":"2.1.0",
        "generic_levels":"olevel",
        "int_missing_value":"-2147483648",
        "missing_value":"1e20",
        "product":"observations",
        "realm":"ocean",
        "table_date":"14 October 2019",
        "table_id":"Table obs4MIPs_Oday"
    },
    "variable_entry":{
        "chlos":{
            "cell_measures":"",
            "cell_methods":"area: mean where sea time: mean",
            "comment":"Sum of chlorophyll from all phytoplankton group concentrations at the sea surface.  In most models this is equal to chldiat+chlmisc, that is the sum of 'Diatom Chlorophyll Mass Concentration' plus 'Other Phytoplankton Chlorophyll Mass Concentration'",
            "dimensions":"longitude latitude time",
            "frequency":"day",
            "long_name":"Surface Mass Concentration of Total Phytoplankton Expressed as Chlorophyll in Sea Water",
            "ok_max_mean_abs":"",
            "ok_min_mean_abs":"",
            "out_name":"chlos",
            "positive":"",
            "standard_name":"mass_concentration_of_phytoplankton_expressed_as_chlorophyll_in_sea_water",
            "type":"real",
            "units":"kg m-3",
            "valid_max":"",
            "valid_min":""
        },
        "omldamax":{
            "cell_measures":"",
            "cell_methods":"area: mean time: maximum",
            "comment":"The ocean mixed layer is the upper part of the ocean, regarded as being well-mixed. The base of the mixed layer defined by the mixing scheme is a diagnostic of ocean models. 'Thickness' means the vertical extent of a layer.",
            "dimensions":"longitude latitude time",
            "frequency":"day",
            "long_name":"Mean Daily Maximum Ocean Mixed Layer Thickness Defined by Mixing Scheme",
            "ok_max_mean_abs":"",
            "ok_min_mean_abs":"",
            "out_name":"omldamax",
            "positive":"",
            "standard_name":"ocean_mixed_layer_thickness_defined_by_mixing_scheme",
            "type":"real",
            "units":"m",
            "valid_max":"",
            "valid_min":""
        },
        "phycos":{
            "cell_measures":"",
            "cell_methods":"area: mean where sea time: mean",
            "comment":"sum of phytoplankton organic carbon component concentrations at the sea surface",
            "dimensions":"longitude latitude time",
            "frequency":"day",
            "long_name":"Sea Surface Phytoplankton Carbon Concentration",
            "ok_max_mean_abs":"",
            "ok_min_mean_abs":"",
            "out_name":"phycos",
            "positive":"",
            "standard_name":"mole_concentration_of_phytoplankton_expressed_as_carbon_in_sea_water",
            "type":"real",
            "units":"mol m-3",
            "valid_max":"",
            "valid_min":""
        },
        "sos":{
            "cell_measures":"",
            "cell_methods":"area: mean where sea time: mean",
            "comment":"Sea water salinity is the salt content of sea water, often on the Practical Salinity Scale of 1978. However, the unqualified term 'salinity' is generic and does not necessarily imply any particular method of calculation. The units of salinity are dimensionless and the units attribute should normally be given as 1e-3 or 0.001 i.e. parts per thousand. ",
            "dimensions":"longitude latitude time",
            "frequency":"day",
            "long_name":"Sea Surface Salinity",
            "ok_max_mean_abs":"",
            "ok_min_mean_abs":"",
            "out_name":"sos",
            "positive":"",
            "standard_name":"sea_surface_salinity",
            "type":"real",
            "units":"0.001",
            "valid_max":"",
            "valid_min":""
        },
        "sossq":{
            "cell_measures":"",
            "cell_methods":"area: mean where sea time: mean",
            "comment":"Sea water salinity is the salt content of sea water, often on the Practical Salinity Scale of 1978. However, the unqualified term 'salinity' is generic and does not necessarily imply any particular method of calculation. The units of salinity are dimensionless and the units attribute should normally be given as 1e-3 or 0.001 i.e. parts per thousand. ",
            "dimensions":"longitude latitude time",
            "frequency":"day",
            "long_name":"Square of Sea Surface Salinity",
            "ok_max_mean_abs":"",
            "ok_min_mean_abs":"",
            "out_name":"sossq",
            "positive":"",
            "standard_name":"square_of_sea_surface_salinity",
            "type":"real",
            "units":"1e-06",
            "valid_max":"",
            "valid_min":""
        },
        "tos":{
            "cell_measures":"",
            "cell_methods":"area: mean where sea time: mean",
            "comment":"Temperature of upper boundary of the liquid ocean, including temperatures below sea-ice and floating ice shelves.",
            "dimensions":"longitude latitude time",
            "frequency":"day",
            "long_name":"Sea Surface Temperature",
            "ok_max_mean_abs":"",
            "ok_min_mean_abs":"",
            "out_name":"tos",
            "positive":"",
            "standard_name":"sea_surface_temperature",
            "type":"real",
            "units":"degC",
            "valid_max":"",
            "valid_min":""
        },
        "tossq":{
            "cell_measures":"",
            "cell_methods":"area: mean where sea time: mean",
            "comment":"Square of temperature of liquid ocean.",
            "dimensions":"longitude latitude time",
            "frequency":"day",
            "long_name":"Square of Sea Surface Temperature",
            "ok_max_mean_abs":"",
            "ok_min_mean_abs":"",
            "out_name":"tossq",
            "positive":"",
            "standard_name":"square_of_sea_surface_temperature",
            "type":"real",
            "units":"degC2",
            "valid_max":"",
            "valid_min":""
        }
    }
}