{
    "Header":{
        "#mip_era":"CMIP6",
        "Conventions":"CF-1.7 ODS-2.0",
        "approx_interval":"30.00000",
        "cmor_version":"3.2",
        "data_specs_version":"2.0.0",
        "generic_levels":"alevel alevhalf",
        "int_missing_value":"-2147483648",
        "missing_value":"1e20",
        "product":"observations",
        "realm":"atmos atmosChem",
        "table_date":"19 September 2017",
        "table_id":"Table obs4MIPs_monNobs"
    },
    "variable_entry":{
        "ndviNobs":{
            "cell_measures":"",
            "cell_methods":"",
            "comment":"",
            "dimensions":"longitude latitude time",
            "frequency":"mon",
            "long_name":"NDVI number of observations",
            "ok_max_mean_abs":"",
            "ok_min_mean_abs":"",
            "out_name":"ndviNobs",
            "positive":"",
            "standard_name":"ndvi_number_of_observations",
            "type":"",
            "units":"1",
            "valid_max":"",
            "valid_min":""
        }
    }
}