{
    "Header":{
        "#dataRequest_specs_version":"01.00.15",
        "#mip_era":"CMIP6",
        "Conventions":"CF-1.7 ODS-2.1",
        "approx_interval":"1.00000",
        "cmor_version":"3.2",
        "data_specs_version":"2.1.0",
        "generic_levels":"",
        "int_missing_value":"-2147483648",
        "missing_value":"1e20",
        "product":"observations",
        "realm":"atmos",
        "table_date":"27 September 2017",
        "table_id":"Table obs4MIPs_Aday"
    },
    "variable_entry":{
        "clt":{
            "cell_measures":"area: areacella",
            "cell_methods":"area: time: mean",
            "comment":"Total cloud area fraction for the whole atmospheric column, as seen from the surface or the top of the atmosphere. Includes both large-scale and convective cloud.",
            "dimensions":"longitude latitude time",
            "frequency":"day",
            "long_name":"Total Cloud Fraction",
            "modeling_realm":"atmos",
            "ok_max_mean_abs":"",
            "ok_min_mean_abs":"",
            "out_name":"clt",
            "positive":"",
            "standard_name":"cloud_area_fraction",
            "type":"real",
            "units":"%",
            "valid_max":"",
            "valid_min":""
        },
        "hfls":{
            "cell_measures":"area: areacella",
            "cell_methods":"area: time: mean",
            "comment":"",
            "dimensions":"longitude latitude time",
            "frequency":"day",
            "long_name":"Surface Upward Latent Heat Flux",
            "modeling_realm":"atmos",
            "ok_max_mean_abs":"",
            "ok_min_mean_abs":"",
            "out_name":"hfls",
            "positive":"up",
            "standard_name":"surface_upward_latent_heat_flux",
            "type":"real",
            "units":"W m-2",
            "valid_max":"",
            "valid_min":""
        },
        "hfss":{
            "cell_measures":"area: areacella",
            "cell_methods":"area: time: mean",
            "comment":"",
            "dimensions":"longitude latitude time",
            "frequency":"day",
            "long_name":"Surface Upward Sensible Heat Flux",
            "modeling_realm":"atmos",
            "ok_max_mean_abs":"",
            "ok_min_mean_abs":"",
            "out_name":"hfss",
            "positive":"up",
            "standard_name":"surface_upward_sensible_heat_flux",
            "type":"real",
            "units":"W m-2",
            "valid_max":"",
            "valid_min":""
        },
        "hur":{
            "cell_measures":"area: areacella",
            "cell_methods":"time: mean",
            "comment":"The relative humidity with respect to liquid water for T> 0 C, and with respect to ice for T<0 C.",
            "dimensions":"longitude latitude plev8 time",
            "frequency":"day",
            "long_name":"Relative Humidity",
            "modeling_realm":"atmos",
            "ok_max_mean_abs":"",
            "ok_min_mean_abs":"",
            "out_name":"hur",
            "positive":"",
            "standard_name":"relative_humidity",
            "type":"real",
            "units":"%",
            "valid_max":"",
            "valid_min":""
        },
        "hurs":{
            "cell_measures":"area: areacella",
            "cell_methods":"area: time: mean",
            "comment":"The relative humidity with respect to liquid water for T> 0 C, and with respect to ice for T<0 C.",
            "dimensions":"longitude latitude time height2m",
            "frequency":"day",
            "long_name":"Near-Surface Relative Humidity",
            "modeling_realm":"atmos",
            "ok_max_mean_abs":"",
            "ok_min_mean_abs":"",
            "out_name":"hurs",
            "positive":"",
            "standard_name":"relative_humidity",
            "type":"real",
            "units":"%",
            "valid_max":"",
            "valid_min":""
        },
        "hursmax":{
            "cell_measures":"area: areacella",
            "cell_methods":"area: mean time: maximum",
            "comment":"",
            "dimensions":"longitude latitude time height2m",
            "frequency":"day",
            "long_name":"Surface Daily Maximum Relative Humidity",
            "modeling_realm":"atmos",
            "ok_max_mean_abs":"",
            "ok_min_mean_abs":"",
            "out_name":"hursmax",
            "positive":"",
            "standard_name":"relative_humidity",
            "type":"real",
            "units":"%",
            "valid_max":"",
            "valid_min":""
        },
        "hursmin":{
            "cell_measures":"area: areacella",
            "cell_methods":"area: mean time: minimum",
            "comment":"",
            "dimensions":"longitude latitude time height2m",
            "frequency":"day",
            "long_name":"Surface Daily Minimum Relative Humidity",
            "modeling_realm":"atmos",
            "ok_max_mean_abs":"",
            "ok_min_mean_abs":"",
            "out_name":"hursmin",
            "positive":"",
            "standard_name":"relative_humidity",
            "type":"real",
            "units":"%",
            "valid_max":"",
            "valid_min":""
        },
        "hus":{
            "cell_measures":"area: areacella",
            "cell_methods":"time: mean",
            "comment":"",
            "dimensions":"longitude latitude plev8 time",
            "frequency":"day",
            "long_name":"Specific Humidity",
            "modeling_realm":"atmos",
            "ok_max_mean_abs":"",
            "ok_min_mean_abs":"",
            "out_name":"hus",
            "positive":"",
            "standard_name":"specific_humidity",
            "type":"real",
            "units":"1.0",
            "valid_max":"",
            "valid_min":""
        },
        "huss":{
            "cell_measures":"area: areacella",
            "cell_methods":"area: time: mean",
            "comment":"Near-surface (usually, 2 meter) specific humidity.",
            "dimensions":"longitude latitude time height2m",
            "frequency":"day",
            "long_name":"Near-Surface Specific Humidity",
            "modeling_realm":"atmos",
            "ok_max_mean_abs":"",
            "ok_min_mean_abs":"",
            "out_name":"huss",
            "positive":"",
            "standard_name":"specific_humidity",
            "type":"real",
            "units":"1.0",
            "valid_max":"",
            "valid_min":""
        },
        "mrro":{
            "cell_measures":"area: areacella",
            "cell_methods":"area: mean where land time: mean",
            "comment":"The total run-off (including drainage through the base of the soil model) per unit area leaving the land portion of the grid cell.",
            "dimensions":"longitude latitude time",
            "frequency":"day",
            "long_name":"Total Runoff",
            "modeling_realm":"land",
            "ok_max_mean_abs":"",
            "ok_min_mean_abs":"",
            "out_name":"mrro",
            "positive":"",
            "standard_name":"runoff_flux",
            "type":"real",
            "units":"kg m-2 s-1",
            "valid_max":"",
            "valid_min":""
        },
        "mrso":{
            "cell_measures":"area: areacella",
            "cell_methods":"area: mean where land time: mean",
            "comment":"the mass per unit area  (summed over all soil layers) of water in all phases.",
            "dimensions":"longitude latitude time",
            "frequency":"day",
            "long_name":"Total Soil Moisture Content",
            "modeling_realm":"land",
            "ok_max_mean_abs":"",
            "ok_min_mean_abs":"",
            "out_name":"mrso",
            "positive":"",
            "standard_name":"soil_moisture_content",
            "type":"real",
            "units":"kg m-2",
            "valid_max":"",
            "valid_min":""
        },
        "mrsos":{
            "cell_measures":"area: areacella",
            "cell_methods":"area: mean where land time: mean",
            "comment":"The mass of water in all phases in the upper 10cm of the  soil layer.",
            "dimensions":"longitude latitude time sdepth1",
            "frequency":"day",
            "long_name":"Moisture in Upper Portion of Soil Column",
            "modeling_realm":"land",
            "ok_max_mean_abs":"",
            "ok_min_mean_abs":"",
            "out_name":"mrsos",
            "positive":"",
            "standard_name":"moisture_content_of_soil_layer",
            "type":"real",
            "units":"kg m-2",
            "valid_max":"",
            "valid_min":""
        },
        "pr":{
            "cell_measures":"area: areacella",
            "cell_methods":"area: time: mean",
            "comment":"includes both liquid and solid phases",
            "dimensions":"longitude latitude time",
            "frequency":"day",
            "long_name":"Precipitation",
            "modeling_realm":"atmos",
            "ok_max_mean_abs":"",
            "ok_min_mean_abs":"",
            "out_name":"pr",
            "positive":"",
            "standard_name":"precipitation_flux",
            "type":"real",
            "units":"kg m-2 s-1",
            "valid_max":"",
            "valid_min":""
        },
        "prc":{
            "cell_measures":"area: areacella",
            "cell_methods":"area: time: mean",
            "comment":"Convective precipitation at surface; includes both liquid and solid phases.",
            "dimensions":"longitude latitude time",
            "frequency":"day",
            "long_name":"Convective Precipitation",
            "modeling_realm":"atmos",
            "ok_max_mean_abs":"",
            "ok_min_mean_abs":"",
            "out_name":"prc",
            "positive":"",
            "standard_name":"convective_precipitation_flux",
            "type":"real",
            "units":"kg m-2 s-1",
            "valid_max":"",
            "valid_min":""
        },
        "prsn":{
            "cell_measures":"area: areacella",
            "cell_methods":"area: time: mean",
            "comment":"at surface; includes precipitation of all forms of water in the solid phase",
            "dimensions":"longitude latitude time",
            "frequency":"day",
            "long_name":"Snowfall Flux",
            "modeling_realm":"atmos",
            "ok_max_mean_abs":"",
            "ok_min_mean_abs":"",
            "out_name":"prsn",
            "positive":"",
            "standard_name":"snowfall_flux",
            "type":"real",
            "units":"kg m-2 s-1",
            "valid_max":"",
            "valid_min":""
        },
        "psl":{
            "cell_measures":"area: areacella",
            "cell_methods":"area: time: mean",
            "comment":"Sea Level Pressure",
            "dimensions":"longitude latitude time",
            "frequency":"day",
            "long_name":"Sea Level Pressure",
            "modeling_realm":"atmos",
            "ok_max_mean_abs":"",
            "ok_min_mean_abs":"",
            "out_name":"psl",
            "positive":"",
            "standard_name":"air_pressure_at_sea_level",
            "type":"real",
            "units":"Pa",
            "valid_max":"",
            "valid_min":""
        },
        "rlds":{
            "cell_measures":"area: areacella",
            "cell_methods":"area: time: mean",
            "comment":"",
            "dimensions":"longitude latitude time",
            "frequency":"day",
            "long_name":"Surface Downwelling Longwave Radiation",
            "modeling_realm":"atmos",
            "ok_max_mean_abs":"",
            "ok_min_mean_abs":"",
            "out_name":"rlds",
            "positive":"down",
            "standard_name":"surface_downwelling_longwave_flux_in_air",
            "type":"real",
            "units":"W m-2",
            "valid_max":"",
            "valid_min":""
        },
        "rlus":{
            "cell_measures":"area: areacella",
            "cell_methods":"area: time: mean",
            "comment":"",
            "dimensions":"longitude latitude time",
            "frequency":"day",
            "long_name":"Surface Upwelling Longwave Radiation",
            "modeling_realm":"atmos",
            "ok_max_mean_abs":"",
            "ok_min_mean_abs":"",
            "out_name":"rlus",
            "positive":"up",
            "standard_name":"surface_upwelling_longwave_flux_in_air",
            "type":"real",
            "units":"W m-2",
            "valid_max":"",
            "valid_min":""
        },
        "rlut":{
            "cell_measures":"area: areacella",
            "cell_methods":"area: time: mean",
            "comment":"at the top of the atmosphere (to be compared with satellite measurements)",
            "dimensions":"longitude latitude time",
            "frequency":"day",
            "long_name":"TOA Outgoing Longwave Radiation",
            "modeling_realm":"atmos",
            "ok_max_mean_abs":"",
            "ok_min_mean_abs":"",
            "out_name":"rlut",
            "positive":"up",
            "standard_name":"toa_outgoing_longwave_flux",
            "type":"real",
            "units":"W m-2",
            "valid_max":"",
            "valid_min":""
        },
        "rsds":{
            "cell_measures":"area: areacella",
            "cell_methods":"area: time: mean",
            "comment":"surface solar irradiance for UV calculations",
            "dimensions":"longitude latitude time",
            "frequency":"day",
            "long_name":"Surface Downwelling Shortwave Radiation",
            "modeling_realm":"atmos",
            "ok_max_mean_abs":"",
            "ok_min_mean_abs":"",
            "out_name":"rsds",
            "positive":"down",
            "standard_name":"surface_downwelling_shortwave_flux_in_air",
            "type":"real",
            "units":"W m-2",
            "valid_max":"",
            "valid_min":""
        },
        "rsus":{
            "cell_measures":"area: areacella",
            "cell_methods":"area: time: mean",
            "comment":"",
            "dimensions":"longitude latitude time",
            "frequency":"day",
            "long_name":"Surface Upwelling Shortwave Radiation",
            "modeling_realm":"atmos",
            "ok_max_mean_abs":"",
            "ok_min_mean_abs":"",
            "out_name":"rsus",
            "positive":"up",
            "standard_name":"surface_upwelling_shortwave_flux_in_air",
            "type":"real",
            "units":"W m-2",
            "valid_max":"",
            "valid_min":""
        },
        "sfcWind":{
            "cell_measures":"area: areacella",
            "cell_methods":"area: time: mean",
            "comment":"near-surface (usually, 10 meters) wind speed.",
            "dimensions":"longitude latitude time height10m",
            "frequency":"day",
            "long_name":"Daily-Mean Near-Surface Wind Speed",
            "modeling_realm":"atmos",
            "ok_max_mean_abs":"",
            "ok_min_mean_abs":"",
            "out_name":"sfcWind",
            "positive":"",
            "standard_name":"wind_speed",
            "type":"real",
            "units":"m s-1",
            "valid_max":"",
            "valid_min":""
        },
        "sfcWindmax":{
            "cell_measures":"area: areacella",
            "cell_methods":"area: mean time: maximum",
            "comment":"Daily maximum near-surface (usually, 10 meters) wind speed.",
            "dimensions":"longitude latitude time height10m",
            "frequency":"day",
            "long_name":"Daily Maximum Near-Surface Wind Speed",
            "modeling_realm":"atmos",
            "ok_max_mean_abs":"",
            "ok_min_mean_abs":"",
            "out_name":"sfcWindmax",
            "positive":"",
            "standard_name":"wind_speed",
            "type":"real",
            "units":"m s-1",
            "valid_max":"",
            "valid_min":""
        },
        "snc":{
            "cell_measures":"area: areacella",
            "cell_methods":"area: time: mean",
            "comment":"Fraction of each grid cell that is occupied by snow that rests on land portion of cell.",
            "dimensions":"longitude latitude time",
            "frequency":"day",
            "long_name":"Snow Area Fraction",
            "modeling_realm":"landIce land",
            "ok_max_mean_abs":"",
            "ok_min_mean_abs":"",
            "out_name":"snc",
            "positive":"",
            "standard_name":"surface_snow_area_fraction",
            "type":"real",
            "units":"%",
            "valid_max":"",
            "valid_min":""
        },
        "snw":{
            "cell_measures":"area: areacella",
            "cell_methods":"area: mean where land time: mean",
            "comment":"The mass of surface snow on the land portion of the grid cell divided by the land area in the grid cell; reported as missing where the land fraction is 0; excludes snow on vegetation canopy or on sea ice.",
            "dimensions":"longitude latitude time",
            "frequency":"day",
            "long_name":"Surface Snow Amount",
            "modeling_realm":"landIce land",
            "ok_max_mean_abs":"",
            "ok_min_mean_abs":"",
            "out_name":"snw",
            "positive":"",
            "standard_name":"surface_snow_amount",
            "type":"real",
            "units":"kg m-2",
            "valid_max":"",
            "valid_min":""
        },
        "ta":{
            "cell_measures":"area: areacella",
            "cell_methods":"time: mean",
            "comment":"Air Temperature",
            "dimensions":"longitude latitude plev8 time",
            "frequency":"day",
            "long_name":"Air Temperature",
            "modeling_realm":"atmos",
            "ok_max_mean_abs":"",
            "ok_min_mean_abs":"",
            "out_name":"ta",
            "positive":"",
            "standard_name":"air_temperature",
            "type":"real",
            "units":"K",
            "valid_max":"",
            "valid_min":""
        },
        "tas":{
            "cell_measures":"area: areacella",
            "cell_methods":"area: time: mean",
            "comment":"near-surface (usually, 2 meter) air temperature",
            "dimensions":"longitude latitude time height2m",
            "frequency":"day",
            "long_name":"Near-Surface Air Temperature",
            "modeling_realm":"atmos",
            "ok_max_mean_abs":"",
            "ok_min_mean_abs":"",
            "out_name":"tas",
            "positive":"",
            "standard_name":"air_temperature",
            "type":"real",
            "units":"K",
            "valid_max":"",
            "valid_min":""
        },
        "tasmax":{
            "cell_measures":"area: areacella",
            "cell_methods":"area: mean time: maximum",
            "comment":"maximum near-surface (usually, 2 meter) air temperature (add cell_method attribute 'time: max')",
            "dimensions":"longitude latitude time height2m",
            "frequency":"day",
            "long_name":"Daily Maximum Near-Surface Air Temperature",
            "modeling_realm":"atmos",
            "ok_max_mean_abs":"",
            "ok_min_mean_abs":"",
            "out_name":"tasmax",
            "positive":"",
            "standard_name":"air_temperature",
            "type":"real",
            "units":"K",
            "valid_max":"",
            "valid_min":""
        },
        "tasmin":{
            "cell_measures":"area: areacella",
            "cell_methods":"area: mean time: minimum",
            "comment":"minimum near-surface (usually, 2 meter) air temperature (add cell_method attribute 'time: min')",
            "dimensions":"longitude latitude time height2m",
            "frequency":"day",
            "long_name":"Daily Minimum Near-Surface Air Temperature",
            "modeling_realm":"atmos",
            "ok_max_mean_abs":"",
            "ok_min_mean_abs":"",
            "out_name":"tasmin",
            "positive":"",
            "standard_name":"air_temperature",
            "type":"real",
            "units":"K",
            "valid_max":"",
            "valid_min":""
        },
        "tslsi":{
            "cell_measures":"area: areacella",
            "cell_methods":"area: time: mean (comment: over land and sea ice)",
            "comment":"Surface temperature of all surfaces except open ocean.",
            "dimensions":"longitude latitude time",
            "frequency":"day",
            "long_name":"Surface Temperature Where Land or Sea Ice",
            "modeling_realm":"land",
            "ok_max_mean_abs":"",
            "ok_min_mean_abs":"",
            "out_name":"tslsi",
            "positive":"",
            "standard_name":"surface_temperature",
            "type":"real",
            "units":"K",
            "valid_max":"",
            "valid_min":""
        },
        "ua":{
            "cell_measures":"area: areacella",
            "cell_methods":"time: mean",
            "comment":"",
            "dimensions":"longitude latitude plev8 time",
            "frequency":"day",
            "long_name":"Eastward Wind",
            "modeling_realm":"atmos",
            "ok_max_mean_abs":"",
            "ok_min_mean_abs":"",
            "out_name":"ua",
            "positive":"",
            "standard_name":"eastward_wind",
            "type":"real",
            "units":"m s-1",
            "valid_max":"",
            "valid_min":""
        },
        "uas":{
            "cell_measures":"area: areacella",
            "cell_methods":"area: time: mean",
            "comment":"Eastward component of the near-surface (usually, 10 meters)  wind",
            "dimensions":"longitude latitude time height10m",
            "frequency":"day",
            "long_name":"Eastward Near-Surface Wind",
            "modeling_realm":"atmos",
            "ok_max_mean_abs":"",
            "ok_min_mean_abs":"",
            "out_name":"uas",
            "positive":"",
            "standard_name":"eastward_wind",
            "type":"real",
            "units":"m s-1",
            "valid_max":"",
            "valid_min":""
        },
        "va":{
            "cell_measures":"area: areacella",
            "cell_methods":"time: mean",
            "comment":"",
            "dimensions":"longitude latitude plev8 time",
            "frequency":"day",
            "long_name":"Northward Wind",
            "modeling_realm":"atmos",
            "ok_max_mean_abs":"",
            "ok_min_mean_abs":"",
            "out_name":"va",
            "positive":"",
            "standard_name":"northward_wind",
            "type":"real",
            "units":"m s-1",
            "valid_max":"",
            "valid_min":""
        },
        "vas":{
            "cell_measures":"area: areacella",
            "cell_methods":"area: time: mean",
            "comment":"Northward component of the near surface wind",
            "dimensions":"longitude latitude time height10m",
            "frequency":"day",
            "long_name":"Northward Near-Surface Wind",
            "modeling_realm":"atmos",
            "ok_max_mean_abs":"",
            "ok_min_mean_abs":"",
            "out_name":"vas",
            "positive":"",
            "standard_name":"northward_wind",
            "type":"real",
            "units":"m s-1",
            "valid_max":"",
            "valid_min":""
        },
        "wap":{
            "cell_measures":"area: areacella",
            "cell_methods":"time: mean",
            "comment":"Omega (vertical velocity in pressure coordinates, positive downwards)",
            "dimensions":"longitude latitude plev8 time",
            "frequency":"day",
            "long_name":"omega (=dp/dt)",
            "modeling_realm":"atmos",
            "ok_max_mean_abs":"",
            "ok_min_mean_abs":"",
            "out_name":"wap",
            "positive":"",
            "standard_name":"lagrangian_tendency_of_air_pressure",
            "type":"real",
            "units":"Pa s-1",
            "valid_max":"",
            "valid_min":""
        },
        "zg":{
            "cell_measures":"area: areacella",
            "cell_methods":"time: mean",
            "comment":"",
            "dimensions":"longitude latitude plev8 time",
            "frequency":"day",
            "long_name":"Geopotential Height",
            "modeling_realm":"atmos",
            "ok_max_mean_abs":"",
            "ok_min_mean_abs":"",
            "out_name":"zg",
            "positive":"",
            "standard_name":"geopotential_height",
            "type":"real",
            "units":"m",
            "valid_max":"",
            "valid_min":""
        }
    }
}