{
    "CV":{
        "activity_id":"obs4MIPs",
        "frequency":{
            "1hr":"sampled hourly",
            "1hrCM":"monthly climatology of diurnal cycle computed from hourly samples",
            "1hrPt":"sampled hourly, at specified time point within an hour",
            "3hr":"sampled every 3 hours",
            "3hrPt":"sampled 3 hourly, at specified time point within the time period",
            "6hr":"sampled every 6 hours",
            "6hrPt":"sampled 6 hourly, at specified time point within the time period",
            "day":"daily mean samples",
            "dec":"decadal mean samples",
            "fx":"fixed (time invariant) field",
            "mon":"monthly mean samples",
            "monC":"monthly climatology computed from monthly mean samples",
            "subhrPt":"sampled sub-hourly, at specified time point within an hour",
            "yr":"annual mean samples",
            "yrPt":"sampled yearly, at specified time point within the time period"
        },
        "grid_label":{
            "gm":"global mean data",
            "gn":"data reported on a model's native grid",
            "gna":"data reported on a native grid in the region of Antarctica",
            "gng":"data reported on a native grid in the region of Greenland",
            "gnz":"zonal mean data reported on a model's native latitude grid",
            "gr":"regridded data reported on the data provider's preferred target grid",
            "gr1":"regridded data reported on a grid other than the native grid and other than the preferred target grid",
            "gr1a":"regridded data reported in the region of Antarctica on a grid other than the native grid and other than the preferred target grid",
            "gr1g":"regridded data reported in the region of Greenland on a grid other than the native grid and other than the preferred target grid",
            "gr1z":"regridded zonal mean data reported on a grid other than the native latitude grid and other than the preferred latitude target grid",
            "gr2":"regridded data reported on a grid other than the native grid and other than the preferred target grid",
            "gr2a":"regridded data reported in the region of Antarctica on a grid other than the native grid and other than the preferred target grid",
            "gr2g":"regridded data reported in the region of Greenland on a grid other than the native grid and other than the preferred target grid",
            "gr2z":"regridded zonal mean data reported on a grid other than the native latitude grid and other than the preferred latitude target grid",
            "gr3":"regridded data reported on a grid other than the native grid and other than the preferred target grid",
            "gr3a":"regridded data reported in the region of Antarctica on a grid other than the native grid and other than the preferred target grid",
            "gr3g":"regridded data reported in the region of Greenland on a grid other than the native grid and other than the preferred target grid",
            "gr3z":"regridded zonal mean data reported on a grid other than the native latitude grid and other than the preferred latitude target grid",
            "gr4":"regridded data reported on a grid other than the native grid and other than the preferred target grid",
            "gr4a":"regridded data reported in the region of Antarctica on a grid other than the native grid and other than the preferred target grid",
            "gr4g":"regridded data reported in the region of Greenland on a grid other than the native grid and other than the preferred target grid",
            "gr4z":"regridded zonal mean data reported on a grid other than the native latitude grid and other than the preferred latitude target grid",
            "gr5":"regridded data reported on a grid other than the native grid and other than the preferred target grid",
            "gr5a":"regridded data reported in the region of Antarctica on a grid other than the native grid and other than the preferred target grid",
            "gr5g":"regridded data reported in the region of Greenland on a grid other than the native grid and other than the preferred target grid",
            "gr5z":"regridded zonal mean data reported on a grid other than the native latitude grid and other than the preferred latitude target grid",
            "gr6":"regridded data reported on a grid other than the native grid and other than the preferred target grid",
            "gr6a":"regridded data reported in the region of Antarctica on a grid other than the native grid and other than the preferred target grid",
            "gr6g":"regridded data reported in the region of Greenland on a grid other than the native grid and other than the preferred target grid",
            "gr6z":"regridded zonal mean data reported on a grid other than the native latitude grid and other than the preferred latitude target grid",
            "gr7":"regridded data reported on a grid other than the native grid and other than the preferred target grid",
            "gr7a":"regridded data reported in the region of Antarctica on a grid other than the native grid and other than the preferred target grid",
            "gr7g":"regridded data reported in the region of Greenland on a grid other than the native grid and other than the preferred target grid",
            "gr7z":"regridded zonal mean data reported on a grid other than the native latitude grid and other than the preferred latitude target grid",
            "gr8":"regridded data reported on a grid other than the native grid and other than the preferred target grid",
            "gr8a":"regridded data reported in the region of Antarctica on a grid other than the native grid and other than the preferred target grid",
            "gr8g":"regridded data reported in the region of Greenland on a grid other than the native grid and other than the preferred target grid",
            "gr8z":"regridded zonal mean data reported on a grid other than the native latitude grid and other than the preferred latitude target grid",
            "gr9":"regridded data reported on a grid other than the native grid and other than the preferred target grid",
            "gr9a":"regridded data reported in the region of Antarctica on a grid other than the native grid and other than the preferred target grid",
            "gr9g":"regridded data reported in the region of Greenland on a grid other than the native grid and other than the preferred target grid",
            "gr9z":"regridded zonal mean data reported on a grid other than the native latitude grid and other than the preferred latitude target grid",
            "gra":"regridded data in the region of Antarctica reported on the data provider's preferred target grid",
            "grg":"regridded data in the region of Greenland reported on the data provider's preferred target grid",
            "grz":"regridded zonal mean data reported on the data provider's preferred latitude target grid"
        },
        "institution_id":{
            "DWD":"Deutscher Wetterdienst, Offenbach 63067, Germany",
            "JPL":"Jet Propulsion Laboratory, Pasadena, CA 91109, USA",
            "NOAA-NCEI":"NOAA's National Centers for Environmental Information, Asheville, NC 28801, USA",
            "PCMDI":"Program for Climate Model Diagnosis and Intercomparison, Lawrence Livermore National Laboratory, Livermore, CA 94550, USA",
            "RSS":"Remote Sensing Systems, Santa Rosa, CA 95401, USA"
        },
        "license":"Data in this file produced by <Your Centre Name> is licensed under a Creative Commons Attribution-ShareAlike 4.0 International License (https://creativecommons.org/licenses/). Use of the data must be acknowledged following guidelines found at <a URL maintained by you>. Further information about this data, including some limitations, can be found via <some URL maintained by you>.)",
        "nominal_resolution":[
            "0.5 km",
            "1 km",
            "10 km",
            "100 km",
            "1000 km",
            "10000 km",
            "1x1 degree",
            "2.5 km",
            "25 km",
            "250 km",
            "2500 km",
            "5 km",
            "50 km",
            "500 km",
            "5000 km"
        ],
        "product":[
            "observations"
        ],
        "realm":[
            "aerosol",
            "atmos",
            "atmosChem",
            "land",
            "landIce",
            "ocean",
            "ocnBgchem",
            "seaIce"
        ],
        "region":[
            "africa",
            "antarctica",
            "arabian_sea",
            "aral_sea",
            "arctic_ocean",
            "asia",
            "atlantic_ocean",
            "australia",
            "baltic_sea",
            "barents_opening",
            "barents_sea",
            "beaufort_sea",
            "bellingshausen_sea",
            "bering_sea",
            "bering_strait",
            "black_sea",
            "canadian_archipelago",
            "caribbean_sea",
            "caspian_sea",
            "central_america",
            "chukchi_sea",
            "contiguous_united_states",
            "denmark_strait",
            "drake_passage",
            "east_china_sea",
            "english_channel",
            "eurasia",
            "europe",
            "faroe_scotland_channel",
            "florida_bahamas_strait",
            "fram_strait",
            "global",
            "global_land",
            "global_ocean",
            "great_lakes",
            "greenland",
            "gulf_of_alaska",
            "gulf_of_mexico",
            "hudson_bay",
            "iceland_faroe_channel",
            "indian_ocean",
            "indo_pacific_ocean",
            "indonesian_throughflow",
            "irish_sea",
            "lake_baykal",
            "lake_chad",
            "lake_malawi",
            "lake_tanganyika",
            "lake_victoria",
            "mediterranean_sea",
            "mozambique_channel",
            "north_america",
            "north_sea",
            "norwegian_sea",
            "pacific_equatorial_undercurrent",
            "pacific_ocean",
            "persian_gulf",
            "red_sea",
            "ross_sea",
            "sea_of_japan",
            "sea_of_okhotsk",
            "south_america",
            "south_china_sea",
            "southern_ocean",
            "taiwan_luzon_straits",
            "weddell_sea",
            "windward_passage",
            "yellow_sea"
        ],
        "required_global_attributes":[
            "Conventions",
            "activity_id",
            "contact",
            "creation_date",
            "data_specs_version",
            "frequency",
            "grid",
            "grid_label",
            "institution",
            "institution_id",
            "license",
            "nominal_resolution",
            "product",
            "realm",
            "source_id",
            "table_id",
            "tracking_id",
            "variable_id",
            "variant_label"
        ],
        "source_id":{
            "REMSS-PRW-6-6-0":{
                "region":"global",
                "source":"REMSS PRW 6.6.0 (2017): Water Vapor Path",
                "source_label":"REMSS-PRW",
                "source_type":"satellite_blended"
            }
        },
        "source_type":[
            "gridded_insitu",
            "reanalysis",
            "satellite_blended",
            "satellite_retrieval"
        ],
        "table_id":[
            "obs4MIPs_obs4MIPs_Aday",
            "obs4MIPs_obs4MIPs_Amon",
            "obs4MIPs_obs4MIPs_Lmon",
            "obs4MIPs_obs4MIPs_Omon",
            "obs4MIPs_obs4MIPs_SImon",
            "obs4MIPs_obs4MIPs_fx"
        ]
    }
}