{
    "Header":{
        "#mip_era":"CMIP6",
        "Conventions":"CF-1.7 ODS-2.0",
        "approx_interval":"30.00000",
        "cmor_version":"3.2",
        "data_specs_version":"2.0.0",
        "generic_levels":"alevel alevhalf",
        "int_missing_value":"-2147483648",
        "missing_value":"1e20",
        "product":"observations",
        "realm":"aerosol atmos atmosChem land landIce ocean ocnBgchem seaIce",
        "table_date":"20 September 2017",
        "table_id":"Table obs4MIPs_monStderr"
    },
    "variable_entry":{
        "ndviStderr":{
            "cell_measures":"",
            "cell_methods":"",
            "comment":"",
            "dimensions":"longitude latitude time",
            "frequency":"mon",
            "long_name":"NDVI standard error",
            "modeling_realm":"atmos",
            "ok_max_mean_abs":"",
            "ok_min_mean_abs":"",
            "out_name":"ndviStderr",
            "positive":"",
            "standard_name":"normalized_difference_vegetation_index standard_error",
            "type":"real",
            "units":"",
            "valid_max":"",
            "valid_min":""
        }
    }
}