{
    "Header":{
        "Conventions":"CF-1.7 ODS-2.0",
        "approx_interval":"0.00000",
        "cmor_version":"3.2",
        "dataRequest_specs_version":"01.00.13",
        "data_specs_version":"2.0.0",
        "generic_levels":"alevel",
        "missing_value":"1e20",
        "product":"observations",
        "realm":"fx",
        "table_date":"25 July 2017",
        "table_id":"fx"
    },
    "variable_entry":{
        "areacella":{
            "cell_measures":"area: areacella",
            "cell_methods":"area: mean",
            "comment":"For atmospheres with more than 1 mesh (e.g., staggered grids), report areas that apply to surface vertical fluxes of energy.",
            "dimensions":"longitude latitude",
            "frequency":"fx",
            "long_name":"Atmosphere Grid-Cell Area",
            "modeling_realm":"atmos land",
            "ok_max_mean_abs":"",
            "ok_min_mean_abs":"",
            "out_name":"areacella",
            "positive":"",
            "standard_name":"cell_area",
            "type":"real",
            "units":"m2",
            "valid_max":"",
            "valid_min":""
        },
        "mrsofc":{
            "cell_measures":"area: areacella",
            "cell_methods":"area: mean",
            "comment":"'reported *where land*: divide the total water holding capacity of all the soil in the grid cell by the land area in the grid cell;  reported as *missing* where the land fraction is 0.'",
            "dimensions":"longitude latitude",
            "frequency":"fx",
            "long_name":"Capacity of Soil to Store Water",
            "modeling_realm":"land",
            "ok_max_mean_abs":"",
            "ok_min_mean_abs":"",
            "out_name":"mrsofc",
            "positive":"",
            "standard_name":"soil_moisture_content_at_field_capacity",
            "type":"real",
            "units":"kg m-2",
            "valid_max":"",
            "valid_min":""
        },
        "orog":{
            "cell_measures":"area: areacella",
            "cell_methods":"area: mean",
            "comment":"The surface called 'surface' means the lower boundary of the atmosphere. Altitude is the (geometric) height above the geoid, which is the reference geopotential surface. The geoid is similar to mean sea level.",
            "dimensions":"longitude latitude",
            "frequency":"fx",
            "long_name":"Surface Altitude",
            "modeling_realm":"land",
            "ok_max_mean_abs":"",
            "ok_min_mean_abs":"",
            "out_name":"orog",
            "positive":"",
            "standard_name":"surface_altitude",
            "type":"real",
            "units":"m",
            "valid_max":"",
            "valid_min":""
        },
        "rootd":{
            "cell_measures":"area: areacella",
            "cell_methods":"area: mean",
            "comment":"report the maximum soil depth reachable by plant roots (if defined in model), i.e., the maximum soil depth from which they can extract moisture; report as *missing* where the land fraction is 0.",
            "dimensions":"longitude latitude",
            "frequency":"fx",
            "long_name":"Maximum Root Depth",
            "modeling_realm":"land",
            "ok_max_mean_abs":"",
            "ok_min_mean_abs":"",
            "out_name":"rootd",
            "positive":"",
            "standard_name":"root_depth",
            "type":"real",
            "units":"m",
            "valid_max":"",
            "valid_min":""
        },
        "sftgif":{
            "cell_measures":"area: areacella",
            "cell_methods":"area: mean",
            "comment":"Fraction of grid cell covered by land ice (ice sheet, ice shelf, ice cap, glacier)",
            "dimensions":"longitude latitude typeli",
            "frequency":"fx",
            "long_name":"Fraction of Grid Cell Covered with Glacier",
            "modeling_realm":"land",
            "ok_max_mean_abs":"",
            "ok_min_mean_abs":"",
            "out_name":"sftgif",
            "positive":"",
            "standard_name":"land_ice_area_fraction",
            "type":"real",
            "units":"%",
            "valid_max":"",
            "valid_min":""
        },
        "sftlf":{
            "cell_measures":"area: areacella",
            "cell_methods":"area: mean",
            "comment":"Please express 'X_area_fraction' as the percentage of horizontal area occupied by X.",
            "dimensions":"longitude latitude typeland",
            "frequency":"fx",
            "long_name":"Land Area Fraction",
            "modeling_realm":"atmos",
            "ok_max_mean_abs":"",
            "ok_min_mean_abs":"",
            "out_name":"sftlf",
            "positive":"",
            "standard_name":"land_area_fraction",
            "type":"real",
            "units":"%",
            "valid_max":"",
            "valid_min":""
        },
        "zfull":{
            "cell_measures":"area: areacella",
            "cell_methods":"area: mean",
            "comment":"",
            "dimensions":"longitude latitude alevel",
            "frequency":"fx",
            "long_name":"Altitude of Model Full-Levels",
            "modeling_realm":"atmos",
            "ok_max_mean_abs":"",
            "ok_min_mean_abs":"",
            "out_name":"zfull",
            "positive":"",
            "standard_name":"height_above_reference_ellipsoid",
            "type":"float",
            "units":"m",
            "valid_max":"",
            "valid_min":""
        }
    }
}