{
    "Header":{
        "#dataRequest_specs_version":"01.00.29",
        "Conventions":"CF-1.7 ODS-2.1",
        "cmor_version":"3.4",
        "data_specs_version":"2.1.0",
        "missing_value":"1e20",
        "product":"observations",
        "table_date":"24 December 2018",
        "table_id":"Table obs4MIPs_grids"
    },
    "axis_entry":{
        "grid_latitude":{
            "axis":"Y",
            "long_name":"latitude in rotated pole grid",
            "out_name":"rlat",
            "standard_name":"grid_latitude",
            "type":"double",
            "units":"degrees"
        },
        "grid_longitude":{
            "axis":"X",
            "long_name":"longitude in rotated pole grid",
            "out_name":"rlon",
            "standard_name":"grid_longitude",
            "type":"double",
            "units":"degrees"
        },
        "i_index":{
            "axis":"",
            "long_name":"cell index along first dimension",
            "out_name":"i",
            "standard_name":"",
            "type":"integer",
            "units":"1"
        },
        "j_index":{
            "axis":"",
            "long_name":"cell index along second dimension",
            "out_name":"j",
            "standard_name":"",
            "type":"integer",
            "units":"1"
        },
        "k_index":{
            "axis":"",
            "long_name":"cell index along third dimension",
            "out_name":"k",
            "standard_name":"",
            "type":"integer",
            "units":"1"
        },
        "l_index":{
            "axis":"",
            "long_name":"cell index along fourth dimension",
            "out_name":"l",
            "standard_name":"",
            "type":"integer",
            "units":"1"
        },
        "m_index":{
            "axis":"",
            "long_name":"cell index along fifth dimension",
            "out_name":"m",
            "standard_name":"",
            "type":"integer",
            "units":"1"
        },
        "vertices":{
            "axis":"",
            "long_name":"",
            "out_name":"",
            "standard_name":"",
            "type":"",
            "units":""
        },
        "x":{
            "axis":"X",
            "long_name":"x coordinate of projection",
            "out_name":"",
            "standard_name":"projection_x_coordinate",
            "type":"double",
            "units":"m"
        },
        "x_deg":{
            "axis":"X",
            "long_name":"x coordinate of projection",
            "out_name":"x",
            "standard_name":"projection_x_coordinate",
            "type":"double",
            "units":"degrees"
        },
        "y":{
            "axis":"Y",
            "long_name":"y coordinate of projection",
            "out_name":"",
            "standard_name":"projection_y_coordinate",
            "type":"double",
            "units":"m"
        },
        "y_deg":{
            "axis":"Y",
            "long_name":"y coordinate of projection",
            "out_name":"y",
            "standard_name":"projection_y_coordinate",
            "type":"double",
            "units":"degrees"
        }
    },
    "mapping_entry":{
        "sample_user_mapping":{
            "coordinates":"rlon rlat",
            "parameter1":"false_easting",
            "parameter2":"false_northing"
        }
    },
    "variable_entry":{
        "latitude":{
            "dimensions":"longitude latitude",
            "long_name":"latitude",
            "out_name":"latitude",
            "standard_name":"latitude",
            "units":"degrees_north",
            "valid_max":"90.0",
            "valid_min":"-90.0"
        },
        "longitude":{
            "dimensions":"longitude latitude",
            "long_name":"longitude",
            "out_name":"longitude",
            "standard_name":"longitude",
            "units":"degrees_east",
            "valid_max":"360.0",
            "valid_min":"0.0"
        },
        "vertices_latitude":{
            "dimensions":"vertices longitude latitude",
            "long_name":"",
            "out_name":"vertices_latitude",
            "standard_name":"",
            "units":"degrees_north",
            "valid_max":"90.0",
            "valid_min":"-90.0"
        },
        "vertices_longitude":{
            "dimensions":"vertices longitude latitude",
            "long_name":"",
            "out_name":"vertices_longitude",
            "standard_name":"",
            "units":"degrees_east",
            "valid_max":"360.0",
            "valid_min":"0.0"
        }
    }
}