{
    "CV":{
        "frequency":{
            "1hr":"sampled hourly",
            "1hrClimMon":"monthly climatology of diurnal cycle computed from hourly samples",
            "3hr":"sampled every 3 hours",
            "6hr":"sampled every 6 hours",
            "day":"daily mean samples",
            "dec":"decadal mean samples",
            "fx":"fixed (time invariant) field",
            "mon":"monthly mean samples",
            "monClim":"monthly climatology computed from monthly mean samples",
            "subhr":"sampled sub-hourly",
            "yr":"annual mean samples"
        },
        "grid_label":[
            "gm",
            "gn",
            "gna",
            "gng",
            "gnz",
            "gr",
            "gr1",
            "gr1a",
            "gr1g",
            "gr1z",
            "gr2",
            "gr2a",
            "gr2g",
            "gr2z",
            "gr3",
            "gr3a",
            "gr3g",
            "gr3z",
            "gr4",
            "gr4a",
            "gr4g",
            "gr4z",
            "gr5",
            "gr5a",
            "gr5g",
            "gr5z",
            "gr6",
            "gr6a",
            "gr6g",
            "gr6z",
            "gr7",
            "gr7a",
            "gr7g",
            "gr7z",
            "gr8",
            "gr8a",
            "gr8g",
            "gr8z",
            "gr9",
            "gr9a",
            "gr9g",
            "gr9z",
            "gra",
            "grg",
            "grz"
        ],
        "institution_id":{
            "DWD":"Deutscher Wetterdienst, Offenbach 63067, Germany",
            "JPL":"Jet Propulsion Laboratory, Pasadena, CA 91109, USA",
            "NOAA-NCEI":"NOAA's National Centers for Environmental Information, Asheville, NC 28801, USA",
            "PCMDI":"Program for Climate Model Diagnosis and Intercomparison, Lawrence Livermore National Laboratory, Livermore, CA 94550, USA",
            "RSS":"Remote Sensing Systems, Santa Rosa, CA 95401, USA"
        },
        "license":"Data in this file produced by <Your Centre Name> is licensed under a Creative Commons Attribution-ShareAlike 4.0 International License (https://creativecommons.org/licenses/). Use of the data must be acknowledged following guidelines found at <a URL maintained by you>. Further information about this data, including some limitations, can be found via <some URL maintained by you>.)",
        "mip_era":[
            "CMIP5",
            "CMIP6"
        ],
        "nominal_resolution":[
            "0.5 km",
            "1 km",
            "10 km",
            "100 km",
            "1000 km",
            "10000 km",
            "1x1 degree",
            "2.5 km",
            "25 km",
            "250 km",
            "2500 km",
            "5 km",
            "50 km",
            "500 km",
            "5000 km"
        ],
        "product":[
            "observations"
        ],
        "realm":[
            "aerosol",
            "atmos",
            "atmosChem",
            "land",
            "landIce",
            "ocean",
            "ocnBgchem",
            "seaIce"
        ],
        "region":[
            "africa",
            "antarctica",
            "arabian_sea",
            "aral_sea",
            "arctic_ocean",
            "asia",
            "atlantic_ocean",
            "australia",
            "baltic_sea",
            "barents_opening",
            "barents_sea",
            "beaufort_sea",
            "bellingshausen_sea",
            "bering_sea",
            "bering_strait",
            "black_sea",
            "canadian_archipelago",
            "caribbean_sea",
            "caspian_sea",
            "central_america",
            "chukchi_sea",
            "contiguous_united_states",
            "denmark_strait",
            "drake_passage",
            "east_china_sea",
            "english_channel",
            "eurasia",
            "europe",
            "faroe_scotland_channel",
            "florida_bahamas_strait",
            "fram_strait",
            "global",
            "global_land",
            "global_ocean",
            "great_lakes",
            "greenland",
            "gulf_of_alaska",
            "gulf_of_mexico",
            "hudson_bay",
            "iceland_faroe_channel",
            "indian_ocean",
            "indo_pacific_ocean",
            "indonesian_throughflow",
            "irish_sea",
            "lake_baykal",
            "lake_chad",
            "lake_malawi",
            "lake_tanganyika",
            "lake_victoria",
            "mediterranean_sea",
            "mozambique_channel",
            "north_america",
            "north_sea",
            "norwegian_sea",
            "pacific_equatorial_undercurrent",
            "pacific_ocean",
            "persian_gulf",
            "red_sea",
            "ross_sea",
            "sea_of_japan",
            "sea_of_okhotsk",
            "south_america",
            "south_china_sea",
            "southern_ocean",
            "taiwan_luzon_straits",
            "weddell_sea",
            "windward_passage",
            "yellow_sea"
        ],
        "required_global_attributes":[
            "Conventions",
            "activity_id",
            "contact",
            "creation_date",
            "data_specs_version",
            "frequency",
            "further_info_url",
            "grid",
            "grid_label",
            "institution",
            "institution_id",
            "license",
            "nominal_resolution",
            "product",
            "realm",
            "region",
            "source",
            "source_id",
            "source_label",
            "source_type",
            "table_id",
            "tracking_id",
            "variable_id",
            "variant_label"
        ],
        "source_id":{
            "REMSS-PRW-6-6-0":{
                "description":"Precipitable Water",
                "institution_id":"RSS",
                "label":"REMSS PRW v6.6.0",
                "region":"global",
                "release_year":"2017",
                "source":"REMSS PRW v6.6.0 (2017): Precipitable water (PRW)",
                "source_id":"REMSS-PRW-6-6-0",
                "source_label":"REMSS-PRW",
                "source_type":"satellite_blended"
            }
        },
        "source_type":[
            "gridded_insitu",
            "reanalysis",
            "satellite_blended",
            "satellite_retrieval"
        ],
        "table_id":[
            "Aday",
            "Amon",
            "Lmon",
            "Omon",
            "SImon",
            "fx"
        ]
    }
}