{
    "comment1": "The following attributes must be defined by the user",

    "contact":                      "PCMDI (pcmdi-cmip@llnl.gov)",
    "institution_id":               "RSS",
    "institution":                  "Remote Sensing Systems, Santa Rosa, CA 95401, USA",
    "references":                   "",
    "source":                       "REMSS PRW v6.6.0 (2017): Precipitable water (PRW)",
    "source_id":                    "REMSS-PRW-6-6-0",
    "source_label":                 "REMSS-PRW",
    "source_type":                  "satellite_blended",
    "data_structure":               "grid",
    "grid":                         "2.5x2.5 degree latitude x longitude",
    "grid_label":                   "gn",
    "nominal_resolution":           "250 km",
    "calendar":                     "gregorian",
    "frequency":                    "mon",
    "realm":                        "atmos",
    "region":                       "global",
    "variant_label":                "BE",
    "outpath":                      "./demo",
    "license":                      "Data in this file produced by <Your Centre Name> is licensed under a Creative Commons Attribution-ShareAlike 4.0 International License (https://creativecommons.org/licenses/). Use of the data must be acknowledged following guidelines found at <a URL maintained by you>. Further information about this data, including some limitations, can be found via <some URL maintained by you>",

    "comment2": "The user may choose to define or omit some or all of the following",

    "title":                        "PRW V6.6.0 prepared for obs4MIPs (ODS-v2.0.0)",
    "variant_info":                 "Best Estimate",
    "comment":                      "",
    "history":                      "",

    "comment3": "The following should not be edited by the user",

    "activity_id":                  "obs4MIPs",
    "product":                      "observations",
    "further_info_url":             "https://furtherinfo.es-doc.org/<activity_id><institution_id><source_label><variable_id>",
    "output_file_template":         "<variable_id><table_id><source_id><variant_label><grid_label>",
    "output_path_template":         "<activity_id><institution_id><source_id><table_id><variable_id><grid_label><version>",
    "tracking_id":                  "hdl:21.14102/.",
    "Conventions":                  "CF-1.7 ODS-2.0",
    "data_specs_version":           "2.0.0",

    "_control_vocabulary_file":     "obs4MIPs_CV.json",
    "_AXIS_ENTRY_FILE":             "obs4MIPs_coordinate.json",
    "_FORMULA_VAR_FILE":            "obs4MIPs_formula_terms.json",
    "_cmip6_option":                "off",
}