{
    "#comment": "institution comes from institution_id match to the registered content in source_id controlled vocabulary - A user must register their institution and source_id",
    "institution_id":               "RSS",

    "#comment": "The following attributes must be defined by the user",
    "contact":                      "RSS (support@remss.com)",
    "license":                      "Data in this file produced by <Your Centre Name> is licensed under a Creative Commons Attribution-ShareAlike 4.0 International License (https://creativecommons.org/licenses/). Use of the data must be acknowledged following guidelines found at <a URL maintained by you>. Further information about this data, including some limitations, can be found via <some URL maintained by you>",

    "#comment": "source, source_id, source_label, source_type, source_version_number and region comes from source_id match in controlled vocabulary registered content",
    "source_id":                    "REMSS-PRW-6-6-0",
    "grid":                         "2.5x2.5 degree latitude x longitude",
    "grid_label":                   "gn",
    "nominal_resolution":           "250 km",
    "calendar":                     "gregorian",

    "#comment": "This is an optional field which can be changed by a user - CMOR will create the <outpath> defined below if it does not exist",
    "outpath":                      "./demo",

    "#comment": "In most cases 'BE' is the appropriate entry for variant_label. The user should consult ODS-v2.1.0 (https://goo.gl/jVZsQl) before changing",
    "variant_label":                "BE",

    "#comment": "The user may choose to define or omit/delete some or all of the following",
    "title":                        "PRW v6.6.0 prepared for obs4MIPs (ODS-v2.1.0)",
    "variant_info":                 "Best Estimate",
    "comment":                      "",
    "history":                      "",
    "references":                   "",

    "#comment": "The following are CMOR internal settings and should not be edited by the user",
    "activity_id":                  "obs4MIPs",
    "output_file_template":         "<variable_id><frequency><source_id><variant_label><grid_label>",
    "output_path_template":         "<activity_id><institution_id><source_id><frequency><variable_id><grid_label><version>",
    "tracking_prefix":              "hdl:21.14102",
    "_further_info_url_tmpl":       "https://furtherinfo.es-doc.org/<activity_id><institution_id><source_label><source_id><variable_id>",
    "_control_vocabulary_file":     "obs4MIPs_CV.json",
    "_AXIS_ENTRY_FILE":             "obs4MIPs_coordinate.json",
    "_FORMULA_VAR_FILE":            "obs4MIPs_formula_terms.json"
}