{
    "#comment1": "The following attributes must be defined by the user",
    "contact":                      "RSS (support@remss.com)",

    "#comment2": "institution comes from institution_id match controlled vocabulary",
    "institution_id":               "RSS",
    "references":                   "",

    "#comment3": "source, source_id, source_label, source_type and region comes from source_id match controlled vocabulary",
    "source_id":                    "REMSS-PRW-6-6-0",
    "grid":                         "2.5x2.5 degree latitude x longitude",
    "grid_label":                   "gn",
    "nominal_resolution":           "250 km",
    "calendar":                     "gregorian",

    "#comment4": "frequency and realm are sourced from the variable table used",
    "variant_label":                "BE",
    "outpath":                      "./demo",
    "license":                      "Data in this file produced by <Your Centre Name> is licensed under a Creative Commons Attribution-ShareAlike 4.0 International License (https://creativecommons.org/licenses/). Use of the data must be acknowledged following guidelines found at <a URL maintained by you>. Further information about this data, including some limitations, can be found via <some URL maintained by you>",

    "#comment5": "The user may choose to define or omit/delete some or all of the following",
    "title":                        "PRW V6.6.0 prepared for obs4MIPs (ODS-v2.0.0)",
    "variant_info":                 "Best Estimate",
    "comment":                      "",
    "history":                      "",

    "#comment6": "The following are CMOR internal settings and should not be edited by the user",
    "activity_id":                  "obs4MIPs",
    "output_file_template":         "<variable_id><table_id><source_id><variant_label><grid_label>",
    "output_path_template":         "<activity_id><institution_id><source_id><table_id><variable_id><grid_label><version>",
    "tracking_prefix":              "hdl:21.14102",
    "_further_info_url_tmpl":       "http://furtherinfo.es-doc.org/<activity_id><institution_id><source_label><source_id><variable_id>",
    "_control_vocabulary_file":     "obs4MIPs_CV.json",
    "_AXIS_ENTRY_FILE":             "obs4MIPs_coordinate.json",
    "_FORMULA_VAR_FILE":            "obs4MIPs_formula_terms.json"
}